position_class,token_count,token_share,unique_token_count
line_initial,4395,0.11840616412522226,2020
line_medial,27516,0.7413114930761355,5945
line_final,4395,0.11840616412522226,2227
single_token_line,812,0.021876178673419903,653
