position_class,token_count,token_share,unique_token_count
line_initial,4395,0.11575842178734164,1976
line_medial,28365,0.7470961624568705,5545
line_final,4395,0.11575842178734164,1894
single_token_line,812,0.02138699396844628,646
