metric,old_value,cleaned_value,delta
token_count,37118,37967,849
unique_token_count,9051,8071,-980
type_token_ratio,0.24384395710975806,0.21257934522084967,-0.03126461188890839
glyph_count,201527,191545,-9982
unique_glyph_count,26,22,-4
glyph_entropy_bits,3.9233922700249884,3.8609603705527977,-0.06243189947219063
token_entropy_bits,10.675741463409675,10.451632120067082,-0.2241093433425938
mean_token_length,5.4293604181259765,5.045039112913846,-0.38432130521213015
