comparison,old_jsd_bits,cleaned_jsd_bits,delta
line_initial_vs_line_medial,0.529873240757701,0.5052142842100613,-0.02465895654763972
line_final_vs_line_medial,0.5310279149774855,0.43994932334109943,-0.09107859163638604
line_initial_vs_line_final,0.7331851577131896,0.674520700840175,-0.05866445687301458
